{
  "train": {
    "rmse": 1921.4252864397647,
    "mae": 575.2877785279069,
    "r2": 0.6821953219266979
  },
  "validation": {
    "rmse": 1331.5117562504813,
    "mae": 473.1152311582153,
    "r2": 0.7429153908998354
  },
  "individual_models": {
    "Ridge": 1269.2617582352002,
    "lgbm": 1431.000078377154
  },
  "improvement_pct": -4.904425553782885
}