{
  "train": {
    "rmse": 2414.572809627737,
    "mae": 579.5217105436296,
    "r2": 0.49812692876255527
  },
  "validation": {
    "rmse": 1134.8717565238983,
    "mae": 424.21234439754267,
    "r2": 0.8132418158242909
  },
  "individual_models": {
    "lgbm": 1431.000078377154,
    "xgb": 1247.8709441946714
  },
  "improvement_pct": 9.055358504536585
}