{
  "coefficients": {
    "poly": 0.34042693073066993,
    "lgbm": -0.10354127816722465,
    "xgb": 0.5809375828746555
  },
  "intercept": 121.50686573649023,
  "best_alpha": 100.0,
  "base_models": [
    "poly",
    "lgbm",
    "xgb"
  ]
}