{
  "train": {
    "rmse": 2111.4991656306292,
    "mae": 566.4221660186873,
    "r2": 0.6162087135381606
  },
  "validation": {
    "rmse": 1260.9640428456291,
    "mae": 462.38161880797594,
    "r2": 0.769436013768547
  },
  "individual_models": {
    "poly": 1350.6124890061799,
    "lgbm": 1431.000078377154,
    "xgb": 1247.8709441946714
  },
  "improvement_pct": -1.049234995964065
}