{
  "train": {
    "rmse": 1905.943285046274,
    "mae": 572.3587750882425,
    "r2": 0.6872961498238292
  },
  "validation": {
    "rmse": 1226.2391884014178,
    "mae": 457.2480543998306,
    "r2": 0.7819598613687657
  },
  "individual_models": {
    "Ridge": 1269.2617582352002,
    "lgbm": 1431.000078377154,
    "xgb": 1247.8709441946714
  },
  "improvement_pct": 1.733493026172989
}